classification,avg_profit,median_profit,avg_size_usd,total_volume,trade_count
Extreme Fear,1.8916322231298366,0.0,4118.761840068787,9580240.04,2326
Extreme Greed,205.81634505888633,0.96048,3242.085086283579,18223760.27,5621
Fear,128.28795029591174,0.0,5744.782685125099,79674391.06,13869
Greed,53.988003244420824,0.0,5051.878829259653,57045815.74,11292
Neutral,27.08880333091437,0.0,4332.202906386067,11939551.21,2756
